{
  "C": [
    -0.16645018584794835,
    -1.0306066114894097
  ],
  "s": "28419019004295.508116872557631",
  "iter": 160,
  "Colorizeid": 1,
  "threads": 8,
  "qWidth": 100,
  "qHeight": 100,
  "state": 0,
  "ScreenIndex": 1
}